d72c1a,127.0.0.1,GET,http://localhost/,1476345791,,200
907047,127.0.0.1,GET,http://localhost/article/1,1476345791,,200
bec3bd,127.0.0.1,GET,http://localhost/login,1476345791,,200
3f38c3,127.0.0.1,GET,http://localhost/admin,1476345791,,200
c20d4c,127.0.0.1,GET,http://localhost/admin/article/add,1476345791,,200
77e94a,127.0.0.1,GET,http://localhost/admin/article/1/edit,1476345791,,200
835130,127.0.0.1,GET,http://localhost/admin/comment/1/edit,1476345791,,200
723600,127.0.0.1,GET,http://localhost/admin/user/add,1476345791,,200
a6aaeb,127.0.0.1,GET,http://localhost/admin/user/1/edit,1476345791,,200
6af7f4,127.0.0.1,GET,http://microcms/,1476346527,,200
a86a6c,127.0.0.1,GET,http://microcms/,1476346536,,200
f5357a,127.0.0.1,GET,http://microcms/login,1476346541,,200
4b3914,127.0.0.1,POST,http://microcms/login_check,1476346553,,302
913857,127.0.0.1,GET,http://microcms/,1476346553,,200
85217a,127.0.0.1,GET,http://microcms/admin,1476346555,,200
806f4e,127.0.0.1,GET,http://microcms/dummy,1476347320,,404
35ac85,127.0.0.1,GET,http://microcms/dummy,1476347331,,404
6bf117,127.0.0.1,GET,http://microcms/dummy,1476347615,,404
ac775c,127.0.0.1,GET,http://microcms/images/404-ghost.png,1476347615,,404
17f022,127.0.0.1,GET,http://microcms/dummy,1476347692,,404
88a58e,127.0.0.1,GET,http://microcms/images/404-ghost.png,1476347692,,404
e14f80,127.0.0.1,GET,http://microcms/dummy,1476347835,,404
5c99e7,127.0.0.1,GET,http://microcms/images/404-ghost.png,1476347835,,404
f5f6b6,127.0.0.1,GET,http://microcms/dummy,1476348052,,404
05d18e,127.0.0.1,GET,http://microcms/images/404-ghost.png,1476348052,,404
a0f31a,127.0.0.1,GET,http://microcms/dummy,1476348144,,404
a2e1e8,127.0.0.1,GET,http://microcms/api/articles,1476349076,,200
515d8c,127.0.0.1,GET,http://microcms/api/articles,1476349298,,200
ac59d3,127.0.0.1,GET,http://microcms/favicon.ico,1476349298,,404
6167b6,127.0.0.1,GET,http://microcms/favicon.ico,1476349298,,404
b8ddf5,127.0.0.1,GET,http://microcms/api/articles,1476349385,,200
f0cbb6,127.0.0.1,GET,http://microcms/admin,1476350703,,200
2da898,127.0.0.1,GET,http://microcms/admin,1476350705,,200
fade26,127.0.0.1,GET,http://microcms/logout,1476350709,,302
4f5aeb,127.0.0.1,GET,http://microcms/,1476350709,,200
1a57e0,127.0.0.1,GET,http://microcms/,1476350711,,200
e479ee,127.0.0.1,GET,http://microcms/,1476350715,,200
f32d70,127.0.0.1,POST,http://microcms/api/articles,1476350932,,405
2bb8a2,127.0.0.1,POST,http://microcms/api/articles,1476350975,,405
42e4b8,127.0.0.1,GET,http://microcms/,1476351015,,200
efd71a,127.0.0.1,GET,http://microcms/api/articles,1476351036,,200
09b4bc,127.0.0.1,POST,http://microcms/api/articles,1476351050,,405
d254ab,127.0.0.1,POST,http://microcms/api/articles,1476351218,,405
d06bca,127.0.0.1,POST,http://microcms/api/articles,1476351394,,405
457fee,127.0.0.1,POST,http://microcms/api/articles,1476351469,,405
51ff48,127.0.0.1,GET,http://microcms/,1476351545,,200
9ed453,127.0.0.1,GET,http://microcms/,1476351548,,200
658ef0,127.0.0.1,POST,http://microcms/api/articles,1476351668,,405
b6e3f9,127.0.0.1,POST,http://microcms/api/articles,1476351707,,405
7e5d00,127.0.0.1,POST,http://microcms/api/articles,1476351749,,405
40a792,127.0.0.1,POST,http://microcms/api/articles,1476351766,,405
303bec,127.0.0.1,GET,http://microcms/,1476352361,,200
29c48c,127.0.0.1,GET,http://microcms/,1476352364,,200
da5e5d,127.0.0.1,POST,http://microcms/api/articles,1476352427,,405
8073d6,127.0.0.1,GET,http://microcms/api/articles,1476352928,,200
162a75,127.0.0.1,POST,http://microcms/api/articles,1476352962,,405
a0d1e4,127.0.0.1,GET,http://microcms/api/articles,1476353090,,200
a9cb4c,127.0.0.1,POST,http://microcms/api/articles,1476353101,,405
3da8b2,127.0.0.1,GET,http://microcms/api/article,1476353170,,405
89df87,127.0.0.1,GET,http://microcms/,1476353216,,200
caf453,127.0.0.1,DELETE,http://microcms/api/articles,1476353249,,405
408699,127.0.0.1,POST,http://microcms/api/articles,1476353276,,405
54dade,127.0.0.1,POST,http://microcms/api/articles,1476353407,,405
6a6303,127.0.0.1,GET,http://microcms/,1476353785,,200
4dfe55,127.0.0.1,GET,http://microcms/,1476353789,,200
a0b466,127.0.0.1,GET,http://microcms/login,1476353794,,200
fe0bea,127.0.0.1,POST,http://microcms/login_check,1476353807,,302
9a8582,127.0.0.1,GET,http://microcms/,1476353807,,200
277a82,127.0.0.1,GET,http://microcms/admin,1476353814,,200
f6b307,127.0.0.1,GET,http://microcms/admin/article/add,1476353818,,200
568a59,127.0.0.1,POST,http://microcms/admin/article/add,1476353829,,200
55a24e,127.0.0.1,GET,http://microcms/admin,1476353835,,200
1aae51,127.0.0.1,GET,http://microcms/article/4,1476353839,,200
32a6ad,127.0.0.1,GET,http://microcms/,1476353842,,200
cffa16,127.0.0.1,GET,http://microcms/api/articles,1476353866,,200
879d2b,127.0.0.1,POST,http://microcms/api/articles,1476353876,,405
efff8e,127.0.0.1,POST,http://microcms/api/articles,1476354049,,405
72814f,127.0.0.1,POST,http://microcms/api/articles,1476354203,,405
17d119,127.0.0.1,POST,http://microcms/api/articles,1476354264,,405
23a4ba,127.0.0.1,POST,http://microcms/api/articles,1476354302,,405
70f380,127.0.0.1,POST,http://microcms/api/articles,1476354614,,405
441e41,127.0.0.1,POST,http://microcms/api/article,1476354909,,201
b62f0d,127.0.0.1,GET,http://microcms/,1476354916,,200
4812a3,127.0.0.1,GET,http://localhost/,1476357343,,200
bd3ee9,127.0.0.1,GET,http://localhost/article/1,1476357343,,200
0712fa,127.0.0.1,GET,http://localhost/login,1476357343,,200
dc0a34,127.0.0.1,GET,http://localhost/admin,1476357343,,200
58add4,127.0.0.1,GET,http://localhost/admin/article/add,1476357343,,200
31ebb7,127.0.0.1,GET,http://localhost/admin/article/1/edit,1476357343,,200
c46325,127.0.0.1,GET,http://localhost/admin/comment/1/edit,1476357343,,200
c43df3,127.0.0.1,GET,http://localhost/admin/user/add,1476357343,,200
e26a7d,127.0.0.1,GET,http://localhost/admin/user/1/edit,1476357343,,200
e3f69b,127.0.0.1,GET,http://localhost/api/articles,1476357343,,200
aa5284,127.0.0.1,GET,http://localhost/api/article/1,1476357343,,200
581ab3,127.0.0.1,GET,http://localhost/,1476359637,,200
e8038d,127.0.0.1,GET,http://localhost/article/1,1476359637,,200
e81f23,127.0.0.1,GET,http://localhost/login,1476359637,,200
a18c84,127.0.0.1,GET,http://localhost/admin,1476359637,,200
af5fd8,127.0.0.1,GET,http://localhost/admin/article/add,1476359637,,200
a7f6ee,127.0.0.1,GET,http://localhost/admin/article/1/edit,1476359637,,200
446d33,127.0.0.1,GET,http://localhost/admin/comment/1/edit,1476359637,,200
618a0a,127.0.0.1,GET,http://localhost/admin/user/add,1476359637,,200
754f7a,127.0.0.1,GET,http://localhost/admin/user/1/edit,1476359637,,200
123d35,127.0.0.1,GET,http://localhost/api/articles,1476359637,,200
271317,127.0.0.1,GET,http://localhost/api/article/1,1476359637,,200
e67a08,127.0.0.1,GET,http://microcms/,1476359646,,200
a55f44,127.0.0.1,GET,http://microcms/,1476364553,,200
d7a16b,127.0.0.1,GET,http://microcms/,1476780521,,200
333e86,127.0.0.1,GET,http://microcms/favicon.ico,1476780522,,404
d9f99a,127.0.0.1,GET,http://microcms/favicon.ico,1476780522,,404
8681ff,127.0.0.1,GET,http://localhost/MicroCMS/web/,1476780708,,200
fcff51,127.0.0.1,GET,http://localhost/MicroCMS/web/,1476780767,,200
a8e60b,127.0.0.1,GET,http://localhost/MicroCMS/web/,1476781097,,200
c53b7a,127.0.0.1,GET,http://localhost/MicroCMS/web/,1476781123,,200
